river,localsite,surv_date,amphib_spp,total_obs,stage,stage_id,sex,gosner,water_temp,book
NFA,Indian Ck,2012-07-31,RABO,2,T,T,,,NA,
NFA,Mainstem,2012-08-08,RABO,3,Y,Y,,,NA,
NFY,Mainstem,2012-07-11,RABO,1,J,J,U,,NA,8
NFY,Mainstem,2012-07-11,RABO,1,T,T,,,NA,8
NFY,Mainstem,2012-07-11,RABO,100,T,T,,,NA,8
SFY,Mainstem,2012-07-12,RABO,3,T,T,,,22.0,
SFY,Mainstem,2012-07-12,RABO,1,T,T,,,NA,
SFY,Mainstem,2012-07-12,RABO,10,T,T,,,NA,
NFA,Shirttail Ck,2012-08-01,RABO,5,Y,Y,,44-46,NA,8
NFA,Shirttail Ck,2012-08-01,RABO,2,A,A,F,,NA,8
NFA,Mainstem,2011-05-04,RABO,1,A,A,F,,NA,2
NFY,Mainstem,2011-05-10,RABO,1,A,A,F,,NA,2
SFY,Mainstem,2011-05-11,RABO,1,A,A,F,,11.0,2
SFY,Mainstem,2011-05-11,RABO,1,J,J,U,,NA,2
SFY,Mainstem,2011-05-11,RABO,1,A,A,F,,12.2,2
SFY,Mainstem,2011-05-11,RABO,1,J,J,U,,12.2,2
SFY,Mainstem,2011-05-11,RABO,6,J,J,U,,18.0,2
SFY,Mainstem,2011-05-11,RABO,1,J,J,U,,14.6,2
MFY,Mainstem,2011-05-12,RABO,2,A,A,M,,NA,2
MFY,Mainstem,2011-05-12,RABO,1,A,A,U,,NA,2
RUB,US Site,2011-05-16,RABO,1,J,J,U,,NA,2
RUB,US Ralston,2011-05-31,RABO,1,E,E,,,10.1,3
RUB,DS Site,2011-05-31,RABO,1,A,A,M,,10.6,2
RUB,US Site,2011-05-31,RABO,1,A,A,F,,NA,2
RUB,US Site,2011-05-31,RABO,1,A,A,F,,NA,2
RUB,US Site,2011-05-31,RABO,3,A,A,M,,NA,2
RUB,US Site,2011-05-31,RABO,1,E,E,,,NA,2
RUB,US Site,2011-05-31,RABO,1,E,E,,,NA,2
RUB,US Ralston,2011-06-06,RABO,1,E,E,,,10.6,3
RUB,US Ralston,2011-06-06,RABO,1,A,A,M,,10.6,3
MFY,Mainstem,2011-06-07,RABO,1,A,A,F,,7.7,3
MFY,Mainstem,2011-06-07,RABO,1,A,A,F,,NA,3
MFY,Mainstem,2011-06-07,RABO,1,J,J,U,,NA,3
MFY,Mainstem,2011-06-07,RABO,1,A,A,U,,NA,3
MFY,Mainstem,2011-06-07,RABO,1,A,A,M,,NA,3
MFY,Mainstem,2011-06-07,RABO,1,A,A,U,,NA,3
SFY,Mainstem,2011-06-09,RABO,4,J,J,U,,NA,3
SFY,Mainstem,2011-06-09,RABO,1,A,A,U,,NA,3
SFY,Mainstem,2011-06-09,RABO,1,J,J,U,,NA,3
NFA,Robbers Rav,2011-06-13,RABO,2,A,A,U,,22.0,1
NFA,Mainstem,2011-06-13,RABO,2,A,A,M,,NA,1
NFA,Mainstem,2011-06-13,RABO,1,A,A,F,,NA,1
NFA,Mainstem,2011-06-13,RABO,3,A,A,M,,NA,1
NFA,Mainstem,2011-06-13,RABO,2,A,A,M,,NA,1
NFA,Mainstem,2011-06-13,RABO,1,A,A,F,,NA,1
NFA,Mainstem,2011-06-13,RABO,1,J,J,U,,NA,1
NFA,Mainstem,2011-06-14,RABO,1,A,A,F,,NA,2
NFA,Mainstem,2011-06-14,RABO,3,J,J,U,,NA,2
NFA,Mainstem,2011-06-14,RABO,1,A,A,F,,NA,2
NFA,Mainstem,2011-06-14,RABO,3,J,J,U,,NA,2
RUB,US Site,2011-06-15,RABO,1,J,J,U,,NA,2
MFA,American Canyon,2011-06-21,RABO,1,A,A,M,,NA,
MFA,American Canyon,2011-06-21,RABO,1,A,A,M,,NA,
MFA,American Canyon,2011-06-21,RABO,1,A,A,F,,NA,
MFA,American Canyon,2011-06-21,RABO,1,A,A,M,,NA,
MFA,American Canyon,2011-06-21,RABO,1,A,A,F,,NA,
MFA,American Canyon,2011-06-21,RABO,1,A,A,M,,NA,
MFA,American Canyon,2011-06-21,RABO,1,A,A,F,,NA,
MFA,American Canyon,2011-06-21,RABO,10,T,T,,24-25,NA,
MFA,American Canyon,2011-06-21,RABO,1,A,A,M,,NA,
MFY,Mainstem,2011-06-22,RABO,1,A,A,M,,NA,3
MFY,Mainstem,2011-06-22,RABO,1,A,A,U,,NA,3
MFY,Wolf Creek,2011-06-22,RABO,1,E,E,,1-3,14.2,3
MFY,Wolf Creek,2011-06-22,RABO,1,E,E,,1-3,14.2,3
RUB,DS Site,2011-07-11,RABO,1,J,J,U,,NA,3
RUB,US Site,2011-07-12,RABO,1,A,A,M,,20.2,3
RUB,US Site,2011-07-12,RABO,1,E,E,,22-23,20.2,3
RUB,US Site,2011-07-12,RABO,1,E,E,,22-23,18.0,3
RUB,US Site,2011-07-12,RABO,1,E,E,,21-22,18.0,3
RUB,US Site,2011-07-12,RABO,1,A,A,F,,NA,3
RUB,US Site,2011-07-12,RABO,1,A,A,F,,NA,3
RUB,US Site,2011-07-12,RABO,1,A,A,M,,NA,3
RUB,US Site,2011-07-12,RABO,3,J,J,U,,NA,3
RUB,US Site,2011-07-12,RABO,1,A,A,F,,NA,3
NFA,Mainstem,2011-07-13,RABO,3,A,A,F,,NA,3
NFA,Mainstem,2011-07-13,RABO,2,A,A,M,,NA,3
NFA,Mainstem,2011-07-13,RABO,3,J,J,U,,NA,3
NFA,Mainstem,2011-07-13,RABO,1,E,E,,24-25,NA,3
NFA,Mainstem,2011-07-13,RABO,4,E,E,,,NA,3
NFA,Mainstem,2011-07-14,RABO,1,A,A,U,,NA,3
NFA,Mainstem,2011-07-14,RABO,1,A,A,M,,NA,3
NFA,Mainstem,2011-07-14,RABO,8,J,J,U,,NA,3
NFA,Mainstem,2011-07-14,RABO,1,J,J,U,,NA,3
NFA,Mainstem,2011-07-14,RABO,1,A,A,M,,NA,3
NFA,Mainstem,2011-07-14,RABO,1,J,J,U,,NA,3
NFA,Mainstem,2011-07-14,RABO,1,E,E,,24,NA,3
NFA,Mainstem,2011-07-14,RABO,1,E,E,,,NA,3
NFA,Mainstem,2011-07-14,RABO,1,E,E,,,NA,3
NFA,Mainstem,2011-07-14,RABO,10,T,T,,,NA,3
NFA,Mainstem,2011-07-14,RABO,1,E,E,,,NA,3
NFA,Mainstem,2011-07-14,RABO,6,T,T,U,,NA,3
NFA,Mainstem,2011-07-14,RABO,1,A,A,F,,NA,3
NFA,Mainstem,2011-07-14,RABO,1,A,A,M,,NA,3
NFA,Mainstem,2011-07-14,RABO,2,J,J,U,,NA,3
NFA,Mainstem,2011-07-14,RABO,1,A,A,M,,NA,3
NFA,Mainstem,2011-07-14,RABO,1,A,A,J,,NA,3
NFA,Mainstem,2011-07-14,RABO,10,T,T,,,NA,3
NFA,Mainstem,2011-07-14,RABO,1,A,A,M,,NA,3
NFA,Mainstem,2011-07-14,RABO,1,J,J,U,,NA,3
NFA,Mainstem,2011-07-14,RABO,10,T,T,U,,NA,3
NFA,Mainstem,2011-07-14,RABO,8,E,E,,,17.2,3
NFA,Mainstem,2011-07-14,RABO,4,E,E,,,19.1,3
MFA,Mainstem,2011-07-15,RABO,1,A,A,U,,NA,3
MFY,Mainstem,2011-07-18,RABO,1,A,A,M,,15.5,3
MFY,Mainstem,2011-07-18,RABO,1,E,E,,24,NA,
MFY,Mainstem,2011-07-18,RABO,1,E,E,,,NA,3
MFY,Mainstem,2011-07-18,RABO,1,E,E,,,NA,3
MFY,Mainstem,2011-07-18,RABO,1,E,E,,,16.7,3
MFY,Mainstem,2011-07-18,RABO,1,A,A,F,,NA,3
MFY,Mainstem,2011-07-18,RABO,1,E,E,,4-5,NA,3
MFY,Mainstem,2011-07-18,RABO,1,A,A,M,,NA,3
MFY,Mainstem,2011-07-18,RABO,1,A,A,F,,NA,3
MFY,Mainstem,2011-07-18,RABO,4,E,E,,24-25,NA,3
MFY,Mainstem,2011-07-19,RABO,1,E,E,,24-25,12.9,3
MFY,Mainstem,2011-07-19,RABO,2,E,E,,,NA,3
MFY,Mainstem,2011-07-19,RABO,1,E,E,,,NA,3
SFY,Mainstem,2011-07-20,RABO,1,A,A,F,,NA,3
SFY,Mainstem,2011-07-20,RABO,1,A,A,F,,NA,3
SFY,Mainstem,2011-07-20,RABO,1,A,A,U,,NA,3
SFY,Mainstem,2011-07-20,RABO,1,A,A,F,,NA,3
SFY,Mainstem,2011-07-20,RABO,3,J,J,U,,NA,3
SFY,Mainstem,2011-07-20,RABO,1,A,A,F,,NA,3
SFY,Mainstem,2011-07-20,RABO,3,J,J,U,,NA,3
SFY,Mainstem,2011-07-20,RABO,1,A,A,M,,NA,3
SFY,Mainstem,2011-07-20,RABO,1,J,J,U,,NA,3
SFY,Mainstem,2011-07-20,RABO,1,J,J,U,,NA,3
SFY,Mainstem,2011-07-20,RABO,1,A,A,M,,NA,3
SFY,Mainstem,2011-07-20,RABO,1,J,J,U,,NA,3
NFY,Mainstem,2011-07-23,RABO,1,A,A,F,,NA,3
NFA,Mainstem,2011-08-01,RABO,1,J,J,U,,NA,3
NFA,Mainstem,2011-08-01,RABO,1,A,A,U,,NA,3
NFA,Mainstem,2011-08-01,RABO,1,J,J,U,,NA,3
NFA,Mainstem,2011-08-01,RABO,1,A,A,M,,NA,3
NFA,Mainstem,2011-08-01,RABO,1,A,A,M,,NA,3
NFA,Mainstem,2011-08-01,RABO,1,J,J,U,,NA,3
NFA,Mainstem,2011-08-01,RABO,1,J,J,U,,NA,3
NFA,Mainstem,2011-08-01,RABO,1,A,A,M,,NA,3
NFA,Mainstem,2011-08-01,RABO,1,A,A,F,,NA,3
NFA,Mainstem,2011-08-01,RABO,10,T,T,,26,22.0,3
NFA,Mainstem,2011-08-01,RABO,1,A,A,F,,NA,3
NFA,Mainstem,2011-08-01,RABO,1,J,J,U,,NA,3
NFA,Mainstem,2011-08-01,RABO,1,A,A,F,,NA,3
NFA,Mainstem,2011-08-01,RABO,1,J,J,U,,NA,3
NFA,Mainstem,2011-08-01,RABO,1,J,J,U,,NA,3
NFA,Mainstem,2011-08-01,RABO,1,T,T,,25,23.1,3
NFA,Mainstem,2011-08-01,RABO,5,T,T,,24,NA,3
NFA,Mainstem,2011-08-01,RABO,10,T,T,,27-28,NA,3
NFA,Mainstem,2011-08-01,RABO,1,A,A,F,,NA,3
NFA,Mainstem,2011-08-01,RABO,15,T,T,,,NA,3
NFA,Mainstem,2011-08-01,RABO,1,A,A,U,,NA,3
NFA,Mainstem,2011-08-01,RABO,1,J,J,U,,NA,3
NFA,Mainstem,2011-08-01,RABO,2,T,T,,27,NA,3
NFA,Mainstem,2011-08-01,RABO,10,T,T,,23-24,NA,3
NFA,Mainstem,2011-08-01,RABO,1,A,A,F,,NA,3
NFA,Mainstem,2011-08-01,RABO,40,T,T,,26-27,25.8,3
NFA,Mainstem,2011-08-01,RABO,1,J,J,U,,NA,3
NFA,Mainstem,2011-08-01,RABO,50,T,T,,24,NA,3
NFA,Mainstem,2011-08-01,RABO,400,T,T,,24,NA,3
RUB,DS Site,2011-08-03,RABO,1,A,A,M,,NA,3
RUB,DS Site,2011-08-03,RABO,1,A,A,M,,NA,3
RUB,DS Site,2011-08-03,RABO,1,J,J,U,,NA,3
RUB,DS Site,2011-08-03,RABO,3,A,A,U,,NA,3
RUB,US Site,2011-08-04,RABO,1,A,A,M,,NA,3
RUB,US Site,2011-08-04,RABO,1,J,J,U,,NA,3
RUB,US Site,2011-08-04,RABO,1,A,A,M,,NA,3
RUB,US Site,2011-08-04,RABO,1,A,A,M,,NA,3
RUB,US Site,2011-08-04,RABO,1,A,A,M,,NA,3
RUB,US Site,2011-08-04,RABO,1,J,J,U,,NA,3
RUB,US Site,2011-08-04,RABO,7,T,T,,26-27,NA,3
RUB,US Site,2011-08-04,RABO,2,J,J,,,NA,3
RUB,US Site,2011-08-04,RABO,1,A,A,M,,NA,3
RUB,US Site,2011-08-04,RABO,1,A,A,U,,NA,5
SFY,Mainstem,2011-08-08,RABO,2,J,J,U,,NA,5
SFY,Mainstem,2011-08-08,RABO,6,J,J,U,,NA,6
SFY,Mainstem,2011-08-09,RABO,1,J,J,U,,NA,6
SFY,Mainstem,2011-08-09,RABO,1,A,A,M,,NA,6
SFY,Mainstem,2011-08-09,RABO,1,J,J,U,,NA,6
SFY,Mainstem,2011-08-09,RABO,2,A,A,U,,NA,6
SFY,Mainstem,2011-08-09,RABO,1,J,J,U,,NA,6
SFY,Mainstem,2011-08-09,RABO,1,J,J,U,,NA,6
SFY,Mainstem,2011-08-09,RABO,15,T,T,,25-27,22.0,6
SFY,Mainstem,2011-08-09,RABO,1,A,A,M,,NA,6
SFY,Mainstem,2011-08-09,RABO,1,J,J,U,,NA,6
SFY,Mainstem,2011-08-09,RABO,1,A,A,M,,NA,6
SFY,Mainstem,2011-08-09,RABO,1,J,J,U,,NA,6
NFY,Mainstem,2011-08-10,RABO,1,A,A,F,,NA,5
NFY,Mainstem,2011-08-10,RABO,1,A,A,M,,NA,5
MFY,Mainstem,2011-08-12,RABO,1,A,A,U,,NA,6
MFY,Mainstem,2011-08-13,RABO,4,T,T,,27-28,NA,5
MFY,Mainstem,2011-08-13,RABO,1,E,E,,,NA,5
MFY,Mainstem,2011-08-13,RABO,5,T,T,,25,14.9,5
MFY,Mainstem,2011-08-13,RABO,10,T,T,,25,NA,5
MFY,Mainstem,2011-08-13,RABO,1,A,A,M,,NA,5
MFY,Mainstem,2011-08-13,RABO,4,T,T,,25,15.0,5
MFY,Mainstem,2011-08-13,RABO,5,T,T,,28-29,NA,5
NFA,Robbers Rav,2011-10-03,RABO,2,A,A,F,,15.7,
NFA,Robbers Rav,2011-10-03,RABO,1,A,A,M,,NA,
NFA,Robbers Rav,2011-10-03,RABO,6,Y,Y,U,45-46,NA,
NFA,Mainstem,2011-10-03,RABO,6,Y,Y,U,46,NA,
NFA,Mainstem,2011-10-03,RABO,3,A,A,M,,NA,
NFA,Mainstem,2011-10-03,RABO,1,A,A,M,,NA,
NFA,Mainstem,2011-10-03,RABO,1,A,A,F,,NA,
NFA,Mainstem,2011-10-03,RABO,2,A,A,M,,NA,
NFA,Mainstem,2011-10-03,RABO,1,A,A,F,,NA,
NFA,Mainstem,2011-10-03,RABO,2,A,A,U,,NA,
NFA,Mainstem,2011-10-03,RABO,39,Y,Y,U,46,NA,
NFA,Mainstem,2011-10-03,RABO,2,Y,Y,U,43-44,NA,
NFA,Mainstem,2011-10-03,RABO,11,Y,Y,U,45,NA,
RUB,US Site,2012-04-16,RABO,1,A,A,M,,NA,5
RUB,US Site,2012-04-16,RABO,2,J,J,U,,NA,5
RUB,US Site,2012-04-16,RABO,1,A,A,F,,NA,5
RUB,US Site,2012-04-16,RABO,1,A,A,F,,NA,5
RUB,US Site,2012-04-16,RABO,1,A,A,F,,NA,5
RUB,DS Site,2012-04-16,RABO,1,J,J,U,,NA,5
RUB,DS Site,2012-04-16,RABO,1,A,A,F,,NA,5
RUB,DS Site,2012-04-16,RABO,2,A,A,U,,NA,5
RUB,DS Site,2012-04-16,RABO,1,A,A,F,,NA,5
RUB,DS Site,2012-04-16,RABO,1,A,A,M,,NA,5
NFA,Mainstem,2012-04-17,RABO,1,A,A,F,,8.9,5
NFA,Mainstem,2012-04-17,RABO,1,A,A,M,,NA,5
NFA,Mainstem,2012-04-17,RABO,6,J,J,U,,NA,5
NFA,Mainstem,2012-04-17,RABO,1,A,A,F,,NA,5
NFA,Mainstem,2012-04-17,RABO,1,A,A,F,,NA,5
NFA,Mainstem,2012-04-17,RABO,1,A,A,F,,NA,5
NFA,Mainstem,2012-04-17,RABO,1,A,A,M,,NA,5
NFA,Mainstem,2012-04-17,RABO,1,A,A,F,,NA,5
NFA,Mainstem,2012-04-17,RABO,2,A,A,M,,NA,5
NFA,Mainstem,2012-04-17,RABO,1,A,A,F,,NA,5
NFA,Mainstem,2012-04-17,RABO,1,J,J,U,,NA,5
MFA,American Canyon,2012-04-18,RABO,1,A,A,M,,NA,5
MFA,American Canyon,2012-04-18,RABO,1,A,A,M,,NA,5
MFA,American Canyon,2012-04-18,RABO,1,A,A,U,,NA,5
MFA,American Canyon,2012-04-18,RABO,1,A,A,F,,NA,5
MFA,American Canyon,2012-04-18,RABO,2,J,J,U,,NA,5
MFA,American Canyon,2012-04-18,RABO,2,A,A,M,,NA,5
MFA,American Canyon,2012-04-18,RABO,2,A,A,M,,NA,5
MFA,American Canyon,2012-04-18,RABO,1,J,J,U,,NA,5
MFA,American Canyon,2012-04-18,RABO,1,J,J,U,,NA,5
NFY,Mainstem,2012-04-19,RABO,1,J,J,U,,NA,5
SFY,Mainstem,2012-04-20,RABO,1,A,A,F,,NA,6
SFY,Mainstem,2012-04-20,RABO,4,J,J,U,,NA,6
SFY,Mainstem,2012-04-20,RABO,1,A,A,M,,NA,6
NFA,Shirttail Ck,2012-04-30,RABO,6,A,A,M,,NA,
NFA,Shirttail Ck,2012-04-30,RABO,5,J,J,,,NA,
NFA,Shirttail Ck,2012-04-30,RABO,1,A,A,F,,13.6,
NFA,Shirttail Ck,2012-04-30,RABO,5,A,A,M,,NA,
MFA,NFMFA,2012-04-30,RABO,1,A,A,U,,13.0,
MFA,American Canyon,2012-05-07,RABO,2,A,A,M,,14.5,
MFA,American Canyon,2012-05-07,RABO,2,A,A,M,,NA,
MFA,American Canyon,2012-05-07,RABO,3,A,A,F,,NA,
MFA,American Canyon,2012-05-07,RABO,1,A,A,F,,NA,
MFA,American Canyon,2012-05-07,RABO,2,E,E,,,NA,
MFA,American Canyon,2012-05-07,RABO,2,A,A,U,,NA,
MFA,American Canyon,2012-05-07,RABO,1,E,E,,,NA,
MFA,American Canyon,2012-05-07,RABO,3,E,E,,,NA,
MFA,American Canyon,2012-05-07,RABO,2,A,A,M,,NA,
MFA,American Canyon,2012-05-07,RABO,1,A,A,F,,NA,
MFA,American Canyon,2012-05-07,RABO,1,E,E,,,NA,7
MFA,American Canyon,2012-05-07,RABO,3,E,E,,,NA,7
MFA,American Canyon,2012-05-07,RABO,3,E,E,,,NA,7
MFA,American Canyon,2012-05-07,RABO,1,E,E,,,NA,7
MFA,American Canyon,2012-05-07,RABO,1,A,A,F,,NA,7
MFA,American Canyon,2012-05-07,RABO,1,A,A,M,,NA,7
MFA,American Canyon,2012-05-07,RABO,2,A,A,M,,NA,7
MFA,American Canyon,2012-05-07,RABO,1,E,E,,,NA,7
MFA,American Canyon,2012-05-07,RABO,1,A,A,F,,NA,7
RUB,US Site,2012-05-08,RABO,3,A,A,M,,NA,7
RUB,US Site,2012-05-08,RABO,1,A,A,M,,NA,7
RUB,US Site,2012-05-08,RABO,1,A,A,M,,NA,7
RUB,US Site,2012-05-08,RABO,1,J,J,U,,NA,7
RUB,US Site,2012-05-08,RABO,2,A,A,U,,NA,7
RUB,DS Site,2012-05-08,RABO,2,A,A,M,,NA,7
RUB,DS Site,2012-05-08,RABO,1,A,A,M,,NA,7
RUB,DS Site,2012-05-08,RABO,1,J,J,U,,NA,7
RUB,DS Site,2012-05-08,RABO,1,A,A,M,,NA,7
RUB,DS Site,2012-05-08,RABO,1,A,A,F,,NA,7
SFY,Mainstem,2012-05-09,RABO,1,A,A,F,,NA,7
SFY,Mainstem,2012-05-09,RABO,2,J,J,,,NA,7
SFY,Mainstem,2012-05-09,RABO,1,A,A,U,,NA,7
SFY,Mainstem,2012-05-09,RABO,1,A,A,M,,NA,7
SFY,Mainstem,2012-05-09,RABO,1,A,A,F,,NA,7
NFA,Robbers Rav,2012-05-10,RABO,2,A,A,M,,13.3,7
NFA,Robbers Rav,2012-05-10,RABO,1,A,A,F,,13.3,7
NFA,Mainstem,2012-05-10,RABO,2,J,J,U,,NA,7
NFA,Mainstem,2012-05-10,RABO,1,A,A,F,,NA,7
NFA,Mainstem,2012-05-10,RABO,1,A,A,F,,NA,7
NFA,Mainstem,2012-05-10,RABO,1,A,A,U,,NA,7
NFA,Mainstem,2012-05-10,RABO,1,J,J,U,,NA,7
NFA,Mainstem,2012-05-10,RABO,1,A,A,F,,NA,7
NFA,Mainstem,2012-05-10,RABO,3,A,A,M,,NA,7
NFA,Mainstem,2012-05-10,RABO,2,J,J,U,,NA,7
NFA,Mainstem,2012-05-10,RABO,1,A,A,M,,NA,7
NFA,Mainstem,2012-05-10,RABO,1,A,A,F,,NA,7
NFA,Mainstem,2012-05-10,RABO,2,A,A,F,,NA,7
NFA,Mainstem,2012-05-10,RABO,2,J,J,U,,NA,7
NFA,Mainstem,2012-05-10,RABO,1,A,A,F,,NA,7
RUB,DS Site,2012-05-21,RABO,1,E,E,,15,NA,6
RUB,DS Site,2012-05-21,RABO,1,A,A,M,,NA,6
RUB,DS Site,2012-05-21,RABO,1,E,E,,21,NA,6
RUB,DS Site,2012-05-21,RABO,1,E,E,,18,NA,6
RUB,US Site,2012-05-21,RABO,1,A,A,F,,NA,6
RUB,US Site,2012-05-21,RABO,1,A,A,M,,NA,6
RUB,US Site,2012-05-21,RABO,3,E,E,,19,NA,6
RUB,US Site,2012-05-21,RABO,2,E,E,,10-11,NA,6
RUB,US Site,2012-05-21,RABO,1,A,A,F,,NA,6
RUB,US Site,2012-05-21,RABO,2,A,A,M,,NA,6
RUB,US Site,2012-05-21,RABO,1,A,A,U,,NA,6
RUB,US Site,2012-05-21,RABO,1,E,E,,13,NA,6
RUB,US Site,2012-05-21,RABO,1,E,E,,14,NA,6
RUB,US Site,2012-05-21,RABO,1,A,A,M,,NA,6
RUB,US Site,2012-05-21,RABO,1,A,A,F,,NA,6
RUB,US Site,2012-05-21,RABO,1,E,E,,11-12,NA,6
NFY,Mainstem,2012-05-22,RABO,1,A,A,F,,NA,6
MFY,Mainstem,2012-05-23,RABO,1,A,A,M,,NA,6
MFY,Mainstem,2012-05-23,RABO,1,E,E,,10-12,NA,6
MFY,Mainstem,2012-05-23,RABO,1,E,E,,8,NA,6
SFY,Mainstem,2012-05-24,RABO,1,A,A,M,,NA,6
SFY,Mainstem,2012-05-24,RABO,1,A,A,M,,NA,6
SFY,Mainstem,2012-05-24,RABO,1,A,A,M,,NA,6
SFY,Mainstem,2012-05-24,RABO,1,A,A,F,,NA,6
SFY,Mainstem,2012-05-24,RABO,1,J,J,U,,NA,6
SFY,Mainstem,2012-05-24,RABO,1,A,A,F,,NA,6
SFY,Mainstem,2012-05-24,RABO,1,A,A,M,,NA,6
NFA,Robbers Rav,2012-05-25,RABO,1,A,A,F,,NA,6
NFA,Robbers Rav,2012-05-25,RABO,5,T,T,,23-25,NA,6
NFA,Robbers Rav,2012-05-25,RABO,5,T,T,,23-25,NA,6
NFA,Robbers Rav,2012-05-25,RABO,5,T,T,,23-25,NA,6
NFA,Mainstem,2012-05-25,RABO,1,E,E,,10,NA,6
NFA,Mainstem,2012-05-25,RABO,1,A,A,M,,NA,6
NFA,Mainstem,2012-05-25,RABO,1,A,A,F,,NA,6
NFA,Mainstem,2012-05-25,RABO,1,A,A,F,,NA,6
RUB,DS Site,2012-06-04,RABO,3,E,E,,24-27,NA,6
RUB,DS Site,2012-06-04,RABO,5,A,A,M,,NA,6
RUB,DS Site,2012-06-04,RABO,1,A,A,U,,NA,6
RUB,DS Site,2012-06-04,RABO,3,A,A,F,,NA,6
RUB,US Site,2012-06-04,RABO,1,E,E,,19,NA,6
RUB,US Site,2012-06-04,RABO,1,E,E,,17-18,NA,6
RUB,US Site,2012-06-04,RABO,4,A,A,U,,NA,6
RUB,US Site,2012-06-04,RABO,1,A,A,M,,NA,6
RUB,US Site,2012-06-04,RABO,2,A,A,U,,NA,6
RUB,US Site,2012-06-04,RABO,1,E,E,,,NA,6
RUB,US Site,2012-06-04,RABO,1,E,E,,,NA,6
RUB,US Site,2012-06-04,RABO,2,E,E,,,NA,6
RUB,US Site,2012-06-04,RABO,2,E,E,,,NA,6
RUB,US Site,2012-06-04,RABO,1,E,E,,,NA,6
RUB,US Site,2012-06-04,RABO,1,E,E,,,NA,6
RUB,US Site,2012-06-04,RABO,1,E,E,,,NA,6
RUB,US Site,2012-06-04,RABO,1,A,A,U,,NA,6
RUB,US Site,2012-06-04,RABO,3,E,E,,,NA,6
RUB,DS Site,2012-06-04,RABO,1,T,T,,24-25,NA,
RUB,DS Site,2012-06-04,RABO,1,T,T,,26-27,NA,
RUB,DS Site,2012-06-04,RABO,1,E,E,,21-22,NA,
RUB,DS Site,2012-06-04,RABO,1,E,E,,18-19,NA,
RUB,DS Site,2012-06-04,RABO,1,E,E,,23,NA,
RUB,US Site,2012-06-04,RABO,2,A,A,U,,NA,
NFY,Mainstem,2012-06-05,RABO,1,A,A,F,,10.0,7
NFY,Mainstem,2012-06-05,RABO,1,A,A,M,,9.5,
NFY,Mainstem,2012-06-05,RABO,2,E,E,,,9.5,
NFY,Mainstem,2012-06-05,RABO,3,E,E,,,9.5,
NFY,Mainstem,2012-06-05,RABO,1,E,E,,,9.5,
NFY,Mainstem,2012-06-05,RABO,3,A,A,M,,NA,
NFY,Mainstem,2012-06-05,RABO,2,E,E,,16,NA,
NFY,Mainstem,2012-06-05,RABO,1,E,E,,,9.5,
NFY,Mainstem,2012-06-05,RABO,1,E,E,,11,NA,
NFY,Mainstem,2012-06-05,RABO,1,E,E,,11,NA,
NFA,Robbers Rav,2012-06-06,RABO,1,T,T,,24-25,11.9,7
NFA,Robbers Rav,2012-06-06,RABO,1,T,T,,26-27,11.9,7
NFA,Robbers Rav,2012-06-06,RABO,1,T,T,,24,11.9,7
NFA,Robbers Rav,2012-06-06,RABO,1,A,A,M,,11.9,7
NFA,Robbers Rav,2012-06-06,RABO,1,A,A,M,,11.9,7
NFA,Mainstem,2012-06-06,RABO,1,E,E,,,12.9,7
NFA,Mainstem,2012-06-06,RABO,2,E,E,,,NA,7
NFA,Mainstem,2012-06-06,RABO,2,E,E,,,NA,7
NFA,Mainstem,2012-06-06,RABO,1,E,E,,,NA,7
NFA,Mainstem,2012-06-06,RABO,3,E,E,,,NA,7
NFA,Mainstem,2012-06-06,RABO,1,E,E,,,NA,7
NFA,Mainstem,2012-06-06,RABO,1,E,E,,,NA,7
NFA,Mainstem,2012-06-06,RABO,2,A,A,M,,NA,7
NFA,Mainstem,2012-06-06,RABO,1,E,E,,19,NA,7
NFA,Mainstem,2012-06-06,RABO,1,A,A,F,,NA,7
NFA,Mainstem,2012-06-06,RABO,1,J,J,U,,NA,7
NFA,Mainstem,2012-06-06,RABO,1,A,A,F,,NA,7
NFA,Mainstem,2012-06-06,RABO,1,J,J,U,,NA,7
NFA,Mainstem,2012-06-06,RABO,1,J,J,U,,NA,7
NFA,Mainstem,2012-06-06,RABO,3,E,E,,18-20,NA,7
NFA,Mainstem,2012-06-06,RABO,1,E,E,,19,NA,7
NFA,Mainstem,2012-06-06,RABO,2,E,E,,20-21,NA,7
SFY,Mainstem,2012-06-08,RABO,1,A,A,F,,NA,7
SFY,Mainstem,2012-06-08,RABO,1,A,A,F,,NA,7
SFY,Mainstem,2012-06-08,RABO,6,A,A,M,,NA,7
SFY,Mainstem,2012-06-08,RABO,3,A,A,U,,NA,7
SFY,Mainstem,2012-06-08,RABO,2,J,J,U,,NA,7
RUB,US Site,2012-07-09,RABO,1,A,A,U,,21.0,7
RUB,US Site,2012-07-09,RABO,1,J,J,U,,21.0,7
NFA,Mainstem,2012-07-10,RABO,100,T,T,,,23.9,
NFA,Indian Ck,2012-07-31,RABO,1,A,A,M,,NA,
NFA,Indian Ck,2012-07-31,RABO,2,A,A,M,,NA,
NFA,Indian Ck,2012-07-31,RABO,1,A,A,U,,NA,
NFA,Indian Ck,2012-07-31,RABO,2,A,A,F,,NA,
NFA,Indian Ck,2012-07-31,RABO,3,J,J,U,,NA,
NFA,Indian Ck,2012-07-31,RABO,11,T,T,,,NA,
NFA,Shirttail Ck,2012-08-01,RABO,1,A,A,M,,NA,8
NFA,Shirttail Ck,2012-08-01,RABO,1,A,A,J,,NA,8
RUB,US Site,2012-08-07,RABO,11,T,T,,40-44,NA,8
RUB,US Site,2012-08-07,RABO,1,Y,Y,,45,NA,8
RUB,DS Site,2012-08-07,RABO,2,Y,Y,,,NA,8
NFA,Mainstem,2012-08-08,RABO,20,Y,Y,,,NA,8
SFY,Mainstem,2012-08-09,RABO,2,A,A,M,,NA,8
SFY,Mainstem,2012-08-09,RABO,10,T,T,,40-44,NA,8
NFY,Mainstem,2012-08-10,RABO,7,T,T,,40-41,NA,9
NFY,Mainstem,2012-08-10,RABO,1,A,A,U,,NA,9
NFY,Mainstem,2012-08-10,RABO,1,A,A,F,,NA,9
MFA,American Canyon,2013-04-25,RABO,2,E,E,,11,12.0,9
MFA,American Canyon,2013-04-25,RABO,1,A,A,F,,NA,9
MFA,American Canyon,2013-04-25,RABO,2,A,A,M,,NA,9
MFA,American Canyon,2013-04-25,RABO,1,A,A,F,,NA,9
MFA,American Canyon,2013-04-25,RABO,2,E,E,,10,NA,
MFA,American Canyon,2013-04-25,RABO,1,A,A,M,,NA,
MFA,American Canyon,2013-04-25,RABO,1,E,E,,8,NA,
MFA,American Canyon,2013-04-25,RABO,1,A,A,M,,NA,
MFA,American Canyon,2013-04-25,RABO,3,A,A,M,,NA,
MFA,American Canyon,2013-04-25,RABO,1,E,E,,10,NA,
MFA,American Canyon,2013-04-25,RABO,1,E,E,,10,NA,
MFA,American Canyon,2013-04-25,RABO,1,A,A,F,,NA,
MFA,American Canyon,2013-04-25,RABO,1,A,A,F,,NA,
MFA,American Canyon,2013-04-25,RABO,1,A,A,M,,NA,
MFA,American Canyon,2013-04-25,RABO,1,A,A,F,,NA,
MFA,American Canyon,2013-04-25,RABO,1,A,A,M,,NA,
MFA,American Canyon,2013-04-25,RABO,1,A,A,M,,NA,
MFA,American Canyon,2013-04-25,RABO,1,A,A,F,,NA,
MFA,American Canyon,2013-04-25,RABO,2,A,A,M,,NA,
MFA,American Canyon,2013-04-25,RABO,1,A,U,,,NA,
MFA,American Canyon,2013-04-25,RABO,1,J,J,,,NA,
SFY,Mainstem,2013-04-29,RABO,1,A,A,F,,NA,
SFY,Mainstem,2013-04-29,RABO,1,A,A,M,,NA,
SFY,Mainstem,2013-04-29,RABO,1,J,J,,,NA,
SFY,Mainstem,2013-04-29,RABO,1,A,A,M,,NA,
SFY,Mainstem,2013-04-29,RABO,1,J,J,,,NA,
SFY,Mainstem,2013-04-29,RABO,1,A,A,M,,NA,
SFY,Mainstem,2013-04-29,RABO,2,J,J,,,NA,
SFY,Mainstem,2013-04-29,RABO,1,J,J,,,NA,
SFY,Mainstem,2013-04-29,RABO,4,J,J,,,NA,
SFY,Mainstem,2013-04-29,RABO,1,A,A,F,,NA,
SFY,Mainstem,2013-04-29,RABO,2,J,J,,,NA,
RUB,US Site,2013-04-30,RABO,1,A,A,M,,NA,
RUB,US Site,2013-04-30,RABO,1,A,A,F*,,NA,
RUB,US Site,2013-04-30,RABO,2,J,J,,,NA,
RUB,US Site,2013-04-30,RABO,2,J,J,,,NA,
RUB,US Site,2013-04-30,RABO,3,A,A,M,,NA,
RUB,US Site,2013-04-30,RABO,1,J,J,,,NA,
RUB,US Site,2013-04-30,RABO,1,E,E,,10,NA,
RUB,US Site,2013-04-30,RABO,1,J,J,,,NA,
RUB,US Site,2013-04-30,RABO,1,A,A,M,,NA,
RUB,US Site,2013-04-30,RABO,1,J,J,,,NA,
RUB,US Site,2013-04-30,RABO,1,A,A,F*,,NA,
NFA,,2013-05-02,RABO,1,J,J,,,NA,
NFA,,2013-05-02,RABO,3,A,A,M,,NA,
NFA,,2013-05-02,RABO,1,A,A,F,,NA,
NFA,,2013-05-02,RABO,1,A,A,F,,NA,
NFA,,2013-05-02,RABO,1,J,J,,,NA,
NFA,,2013-05-02,RABO,1,J,J,,,NA,
NFA,,2013-05-02,RABO,1,A,A,F,,NA,
NFA,,2013-05-02,RABO,1,A,A,M,,NA,
NFA,,2013-05-02,RABO,4,A,A,M,,NA,
NFA,,2013-05-02,RABO,1,J,J,,,NA,
NFA,,2013-05-02,RABO,1,A,A,M,,NA,
NFA,,2013-05-02,RABO,1,A,A,F,,NA,
NFA,,2013-05-02,RABO,NA,A,A,F,,NA,
NFA,Robbers Rav,2013-05-02,RABO,1,A,A,M,,NA,
NFA,Robbers Rav,2013-05-02,RABO,1,A,A,F,"18-21, 16 new",NA,
NFA,Robbers Rav,2013-05-02,RABO,1,A,A,M,,NA,
NFA,Robbers Rav,2013-05-02,RABO,3,E,E,,,NA,
NFA,Robbers Rav,2013-05-02,RABO,3,A,A,M,,NA,
NFA,Robbers Rav,2013-05-02,RABO,6,A,A,M,,NA,
NFA,Robbers Rav,2013-05-02,RABO,1,A,A,M,,NA,
NFA,Robbers Rav,2013-05-02,RABO,1,A,A,M,,NA,
NFA,Robbers Rav,2013-05-02,RABO,1,A,A,M,,NA,
NFA,Robbers Rav,2013-05-02,RABO,1,E,E,,19,NA,
NFA,Robbers Rav,2013-05-02,RABO,2,A,A,M,,NA,
NFA,Robbers Rav,2013-05-02,RABO,2,A,A,M,,NA,
NFA,Robbers Rav,2013-05-02,RABO,1,E,E,,8,NA,
NFA,Robbers Rav,2013-05-02,RABO,1,J,J,M,,NA,
NFY,Mainstem,2013-05-13,RABO,1,E,E,,18,16.0,9
NFY,Mainstem,2013-05-13,RABO,1,A,A,F,,NA,9
NFY,Mainstem,2013-05-13,RABO,5,J,J,U,,NA,9
NFY,Mainstem,2013-05-13,RABO,1,J,J,F,,17.1,9
NFY,Mainstem,2013-05-13,RABO,1,J,J,,,NA,9
NFY,Mainstem,2013-05-13,RABO,3,J,J,,,NA,9
NFY,Mainstem,2013-05-13,RABO,1,J,J,,,NA,9
NFY,Mainstem,2013-05-13,RABO,1,J,J,,,NA,9
NFY,Mainstem,2013-05-13,RABO,2,J,J,,,NA,9
NFY,Mainstem,2013-05-13,RABO,1,J,J,,,NA,
RUB,US Site,2013-05-14,RABO,1,E,E,,9,16.8,
RUB,US Site,2013-05-14,RABO,1,A,A,U,,16.8,
RUB,US Site,2013-05-14,RABO,1,A,A,F,,16.8,
RUB,US Site,2013-05-14,RABO,1,J,J,U,,16.8,
RUB,US Site,2013-05-14,RABO,1,J,J,U,,16.8,
RUB,US Site,2013-05-14,RABO,1,J,J,U,,16.8,
RUB,US Site,2013-05-14,RABO,1,A,A,F,spent,16.8,
RUB,US Site,2013-05-14,RABO,1,J,J,U,,16.8,
RUB,US Site,2013-05-14,RABO,1,A,A,M,,16.8,
RUB,US Site,2013-05-14,RABO,2,A,A,M,,16.8,
RUB,US Site,2013-05-14,RABO,1,J,J,,,16.8,
RUB,US Site,2013-05-14,RABO,1,A,A,F,Gravid,16.8,
RUB,US Site,2013-05-14,RABO,1,E,E1,,21,16.8,
RUB,US Site,2013-05-14,RABO,1,E,E2,,9,16.8,
RUB,US Site,2013-05-14,RABO,1,E,E3,,19,16.8,
RUB,US Site,2013-05-14,RABO,1,E,E4,,18,16.8,
RUB,US Site,2013-05-14,RABO,1,E,E5,,2,16.8,
RUB,US Site,2013-05-14,RABO,1,E,E6,,9,18.0,
RUB,US Site,2013-05-14,RABO,1,E,E7,,19,16.8,
RUB,US Site,2013-05-14,RABO,2,E,E8+9,,20,16.8,
RUB,US Site,2013-05-14,RABO,1,E,E10,,9,16.8,
RUB,US Site,2013-05-14,RABO,1,E,E11,,12,16.8,
RUB,US Site,2013-05-14,RABO,1,E,E12,,2,16.8,
SFY,Mainstem,2013-05-16,RABO,1,E,E1,,17,16.2,
SFY,Mainstem,2013-05-16,RABO,1,E,E2,,17,16.2,
SFY,Mainstem,2013-05-16,RABO,1,E,E3,,16/17,16.2,
SFY,Mainstem,2013-05-16,RABO,2,E,E4-5,,2,16.2,
SFY,Mainstem,2013-05-16,RABO,1,E,E6,,22,16.2,
SFY,Mainstem,2013-05-16,RABO,1,A,A,F,,16.2,
SFY,Mainstem,2013-05-16,RABO,2,A,A,M,,16.2,
SFY,Mainstem,2013-05-16,RABO,2,J,J,,,16.2,
SFY,Mainstem,2013-05-16,RABO,3,A,A,M,,16.2,
SFY,Mainstem,2013-05-16,RABO,1,A,A,M,,16.2,
NFA,Mainstem,2013-05-20,RABO,2,A,A,F,,NA,
NFA,Mainstem,2013-05-20,RABO,100,T,T,,23,NA,
NFA,Mainstem,2013-05-20,RABO,1,A,A,F,,NA,
NFA,Mainstem,2013-05-20,RABO,2,A,A,M,,NA,
NFA,Mainstem,2013-05-20,RABO,7,J,J,U,,NA,
NFA,Mainstem,2013-05-20,RABO,2,J,J,U,,NA,
NFA,Mainstem,2013-05-20,RABO,1,J,J,U,,NA,
NFA,Mainstem,2013-05-20,RABO,1,E,E6,,13,NA,
NFA,Mainstem,2013-05-20,RABO,2,E,E7-8,,?,NA,
NFA,Mainstem,2013-05-20,RABO,1,E,E9,,?,NA,
NFA,Mainstem,2013-05-20,RABO,1,E,E1,,2,NA,
NFA,Mainstem,2013-05-20,RABO,1,E,E2,,16,NA,
NFA,Mainstem,2013-05-20,RABO,1,E,E3,,9,NA,
NFA,Mainstem,2013-05-20,RABO,1,E,E4,,14,NA,
NFA,Mainstem,2013-05-20,RABO,1,E,E5,,13,NA,
NFA,Mainstem,2013-05-20,RABO,2,A,A,U,,NA,
NFA,Mainstem,2013-05-20,RABO,1,J,J,U,,NA,
NFA,Mainstem,2013-05-20,RABO,1,A,A,F,,NA,
NFA,Mainstem,2013-05-20,RABO,1,A,A,M,,NA,
NFA,Mainstem,2013-05-20,RABO,1,E,E10,,15,NA,
NFA,Mainstem,2013-05-20,RABO,1,E,E11,,17,NA,
NFA,Mainstem,2013-05-20,RABO,1,A,A,M,,NA,
NFA,Mainstem,2013-05-20,RABO,1,J,J,U,,NA,
NFA,Mainstem,2013-05-20,RABO,1,E,E12,,18,NA,
NFA,Mainstem,2013-05-20,RABO,1,E,E13,,9,NA,
NFA,Mainstem,2013-05-20,RABO,1,E,E14,,13,NA,
NFA,Mainstem,2013-05-20,RABO,1,E,E15,,18,NA,
NFA,Mainstem,2013-05-20,RABO,1,E,E16,,18,NA,
NFA,Mainstem,2013-05-20,RABO,1,E,E17,,17,NA,
NFA,Mainstem,2013-05-20,RABO,2,A,A,M,,NA,
NFA,Mainstem,2013-05-20,RABO,2,E,E18-1,,19,NA,
NFA,Mainstem,2013-05-20,RABO,1,E,E20,,23,NA,
NFA,Mainstem,2013-05-20,RABO,1,E,E21,,14,NA,
NFA,Mainstem,2013-05-20,RABO,1,E,E22,,18,NA,
NFA,Mainstem,2013-05-20,RABO,1,E,E23,,16,NA,
NFA,Mainstem,2013-05-20,RABO,1,E,E24,,18,NA,
NFA,Mainstem,2013-05-20,RABO,1,E,E25,,18,NA,
NFA,Mainstem,2013-05-20,RABO,1,E,E26,,19,NA,
NFA,Mainstem,2013-05-20,RABO,1,E,E27,,19,NA,
NFY,Mainstem,2013-05-23,RABO,1,A,A,M,,NA,
NFY,Mainstem,2013-05-23,RABO,1,A,A,M,,NA,
NFY,Mainstem,2013-05-23,RABO,1,E,E1,,9,NA,
NFY,Mainstem,2013-05-23,RABO,1,E,E2,,9,NA,
NFY,Mainstem,2013-05-23,RABO,2,A,A,M,,NA,
NFY,Mainstem,2013-05-23,RABO,2,E,E4-5,,17,NA,
NFY,Mainstem,2013-05-23,RABO,1,E,E3,,16,NA,
NFY,Mainstem,2013-05-23,RABO,1,E,E,,21,NA,
NFY,Mainstem,2013-05-23,RABO,2,J,J,,,NA,
NFA,Mainstem,2013-05-20,PSRE,100,T,L,,,NA,
NFA,Mainstem,2013-05-20,PSRE,100,E,E,,,NA,
NFA,Mainstem,2013-05-20,THCO,1,A,A,U,,NA,
NFY,Mainstem,2013-05-23,THCO,7,A,A,U,,NA,
RUB,US Site,2013-05-14,RABO,1,A,A,F,GRAVID,NA,
RUB,US Site,2013-05-14,RABO,1,J,J,U,,NA,
RUB,US Site,2013-05-14,RABO,1,J,J,U,,NA,
RUB,US Site,2013-05-14,RABO,1,J,J,U,,NA,
RUB,US Site,2013-05-14,RABO,1,A,A,M,,NA,
RUB,US Site,2013-05-14,RABO,2,J,J,U,,NA,
NFA,Mainstem,2013-08-13,RABO,2,A,A,F,,NA,9
NFA,Mainstem,2013-08-13,RABO,4,A,A,U,,NA,9
NFA,Mainstem,2013-08-13,RABO,12,Y,Y,,,NA,9
NFA,Mainstem,2013-08-13,RABO,1,A,A,U,,NA,9
NFA,Mainstem,2013-08-13,RABO,5,Y,Y,,,NA,9
NFA,Mainstem,2013-08-13,RABO,7,Y,Y,,,NA,9
NFA,Shirttail Ck,2013-09-05,RABO,6,Y,Y,,,21.39,10
NFA,Shirttail Ck,2013-09-05,RABO,1,J,J,,,NA,10
NFA,Shirttail Ck,2013-09-05,RABO,1,A,A,,,NA,10
SFY,Mainstem,2014-04-24,RABO,3,J,J,,,11.6,10
SFY,Mainstem,2014-04-24,RABO,3,A,A,M,,NA,
SFY,Mainstem,2014-04-24,RABO,2,J,J,,,NA,10
SFY,Mainstem,2014-04-24,RABO,3,A,A,M,,NA,
SFY,Mainstem,2014-04-24,RABO,2,J,J,,,NA,10
SFY,Mainstem,2014-04-24,RABO,2,J,J,,,NA,10
SFY,Mainstem,2014-04-24,RABO,1,A,A,U,,NA,
SFY,Mainstem,2014-04-24,RABO,1,J,J,,,NA,10
SFY,Mainstem,2014-04-24,RABO,1,A,A,M,,NA,
SFY,Mainstem,2014-04-24,RABO,4,J,J,,,NA,10
SFY,Mainstem,2014-04-24,RABO,1,A,A,M,,NA,
SFY,Mainstem,2014-05-13,RABO,1,A,A,M,,14.1,11
SFY,Mainstem,2014-05-13,RABO,1,J,J,,,NA,11
SFY,Mainstem,2014-05-13,RABO,1,E,E,,,NA,11
SFY,Mainstem,2014-05-13,RABO,2,A,A,M,,NA,11
SFY,Mainstem,2014-05-13,RABO,2,A,A,F,,NA,11
SFY,Mainstem,2014-05-13,RABO,2,J,J,,,NA,11
SFY,Mainstem,2014-05-13,RABO,1,E,E,,,NA,11
SFY,Mainstem,2014-05-13,RABO,4,A,A,M,,NA,11
SFY,Mainstem,2014-05-13,RABO,1,J,J,,,NA,11
SFY,Mainstem,2014-05-13,RABO,2,E,E,,,NA,11
SFY,Mainstem,2014-05-13,RABO,2,A,A,M,,NA,11
SFY,Mainstem,2014-05-13,RABO,3,A,A,F,,NA,11
SFY,Mainstem,2014-05-13,RABO,2,J,J,,,NA,11
SFY,Mainstem,2014-05-13,RABO,1,A,A,F,,NA,11
NFA,Robbers Rav,2014-05-19,RABO,1,A,A,M,,14.2,11
NFA,Robbers Rav,2014-05-19,RABO,1,A,A,F,,14.2,11
NFA,Robbers Rav,2014-05-19,RABO,1,A,A,F,,14.2,11
NFA,Robbers Rav,2014-05-19,RABO,1,A,A,F,,14.2,11
NFA,Robbers Rav,2014-05-19,RABO,3,E,E,,,14.2,11
NFA,Robbers Rav,2014-05-19,RABO,3,A,A,M,,14.2,11
NFA,Robbers Rav,2014-05-19,RABO,1,A,A,F,,14.2,11
NFA,Robbers Rav,2014-05-19,RABO,3,A,A,M,,14.2,11
NFA,Robbers Rav,2014-05-19,RABO,3,A,A,F,,14.2,11
NFA,Robbers Rav,2014-05-19,RABO,1,A,A,U,,14.2,11
NFA,Robbers Rav,2014-05-19,RABO,2,A,A,M,,14.2,11
NFA,Robbers Rav,2014-05-19,RABO,2,A,A,M,,14.2,11
NFA,Robbers Rav,2014-05-19,RABO,1,A,A,F,,14.2,11
NFA,Robbers Rav,2014-05-19,RABO,1,A,A,M,,14.2,11
NFA,Robbers Rav,2014-05-19,RABO,1,A,A,F,,14.2,11
NFA,Robbers Rav,2014-05-19,RABO,3,J,J,,,14.2,11
NFA,Mainstem,2014-05-19,RABO,9,E,E,,,NA,11
NFA,Mainstem,2014-05-19,RABO,1,E,E,,,NA,11
NFA,Mainstem,2014-05-19,RABO,1,E,E,,,NA,11
NFA,Mainstem,2014-05-19,RABO,2,E,E,,,NA,11
NFA,Mainstem,2014-05-19,RABO,3,E,E,,,NA,11
NFA,Mainstem,2014-05-19,RABO,11,E,E,,,NA,11
NFY,Mainstem,2014-05-20,RABO,1,J,J,,,11.3,11
NFY,Mainstem,2014-05-20,RABO,2,E,E,,,NA,11
NFY,Mainstem,2014-05-20,RABO,1,A,A,F,,NA,11
NFY,Mainstem,2014-05-20,RABO,2,A,A,M,,NA,11
NFY,Mainstem,2014-05-20,RABO,9,E,E,,,NA,11
NFY,Mainstem,2014-05-20,RABO,2,A,A,M,,NA,11
NFY,Mainstem,2014-05-20,RABO,2,E,E,,,NA,11
NFY,Mainstem,2014-05-20,RABO,2,A,A,F,,NA,11
NFY,Mainstem,2014-05-20,RABO,1,A,A,M,,NA,11
NFY,Mainstem,2014-05-20,RABO,1,A,A,M,,NA,11
NFA,Robbers Rav,2014-05-08,RABO,5,E,E,,17-20,13.0,10
NFA,Robbers Rav,2014-05-08,RABO,1,E,E,,17-20,13.0,10
NFA,Robbers Rav,2014-05-08,RABO,5,E,E,,17-20,13.0,10
NFA,Robbers Rav,2014-05-08,RABO,1,E,E,,17-20,13.0,10
NFA,Mainstem,2014-05-08,RABO,1,E,E,,10-11,12.3,10
NFA,Robbers Rav,2014-05-08,RABO,3,E,E,,,13.0,10
RUB,US Site,2015-04-28,RABO,1,J,J,,,15.0,13
RUB,US Site,2015-04-28,RABO,1,J,J,,,15.0,13
RUB,US Site,2015-04-28,RABO,1,A,A,M,,15.0,13
RUB,US Site,2015-04-28,RABO,1,A,A,M,,15.0,13
RUB,US Site,2015-04-28,RABO,1,A,A,F,,15.0,13
RUB,US Site,2015-04-28,RABO,1,A,A,U,,15.0,13
RUB,US Site,2015-04-28,RABO,1,J,J,,,15.0,13
RUB,US Site,2015-04-28,RABO,1,A,A,M,,15.0,13
RUB,US Site,2015-04-28,RABO,1,A,A,U,,15.0,13
RUB,US Site,2015-04-28,RABO,1,A,A,U,,NA,13
RUB,US Site,2015-04-28,RABO,1,A,A,M,,NA,13
RUB,US Site,2015-04-28,RABO,1,J,J,,,NA,13
RUB,US Site,2015-04-28,RABO,1,E,E,,,NA,13
RUB,US Site,2015-04-28,RABO,1,A,A,F,,NA,13
RUB,US Site,2015-04-28,RABO,1,J,J,,,NA,13
RUB,US Site,2015-04-28,RABO,1,A,A,,,NA,13
RUB,US Site,2015-04-28,RABO,1,J,J,,,NA,13
NFA,Robber Rav,2015-05-01,RABO,1,E,E,,19/20,14.2,13
NFA,Robber Rav,2015-05-01,RABO,1,A,A,M,,NA,13
NFA,Robber Rav,2015-05-01,RABO,1,A,A,F,,14.2,13
NFA,Robber Rav,2015-05-01,RABO,1,A,A,F,,NA,13
NFA,Robbers Rav,2015-05-01,RABO,1,E,E,,19-20,14.2,13
NFA,Robbers Rav,2015-05-01,RABO,1,E,E,,21-22,14.2,13
NFA,Mainstem,2015-05-01,RABO,1,A,A,U,,15.8,13
NFA,Mainstem,2015-05-01,RABO,1,A,A,F,,NA,13
NFA,Mainstem,2015-05-01,RABO,1,A,A,F,,NA,13
NFA,Mainstem,2015-05-01,RABO,1,A,A,U,,NA,13
NFA,Mainstem,2015-05-01,RABO,1,A,A,F,,NA,13
NFA,Mainstem,2015-05-01,RABO,1,J,J,,,NA,13
NFA,Mainstem,2015-05-01,RABO,1,A,A,F,,NA,13
NFA,Mainstem,2015-05-01,RABO,1,A,A,U,,NA,13
NFA,Mainstem,2015-05-01,RABO,1,A,A,U,,NA,13
NFA,Mainstem,2015-05-01,RABO,2,A,A,U,,NA,13
NFA,Mainstem,2015-05-01,RABO,1,A,E,,5,15.8,13
NFA,Mainstem,2015-05-01,RABO,2,J,J,,,NA,13
NFA,Mainstem,2015-05-01,RABO,1,J,J,,,NA,13
NFA,Mainstem,2015-05-01,RABO,2,E,E,,19,NA,13
NFA,Mainstem,2015-05-01,RABO,1,E,E,,<10,15.8,13
NFA,Mainstem,2015-05-01,RABO,1,E,E,,,15.8,13
NFA,Mainstem,2015-05-01,RABO,2,A,A,U,,NA,13
NFY,Mainstem,2015-05-08,RABO,1,J,J,,,11.9,13
NFY,Mainstem,2015-05-08,RABO,1,A,A,U,,NA,13
NFY,Mainstem,2015-05-08,RABO,1,E,E,,13,NA,13
NFY,Mainstem,2015-05-08,RABO,1,E,E,,11-12,NA,13
NFY,Mainstem,2015-05-08,RABO,1,E,E,,10-11,NA,13
NFY,Mainstem,2015-05-08,RABO,1,A,A,M,,NA,13
NFY,Mainstem,2015-05-08,RABO,1,E,E,,12,11.9,13
NFY,Mainstem,2015-05-08,RABO,3,A,A,U,,NA,13
NFY,Mainstem,2015-05-08,RABO,1,E,E,,12,11.9,13
NFY,Mainstem,2015-05-08,RABO,1,A,A,M,,NA,13
NFY,Mainstem,2015-05-08,RABO,1,E,E,,12,11.9,13
NFY,Mainstem,2015-05-08,RABO,1,E,E,,12,11.9,13
NFY,Mainstem,2015-05-08,RABO,1,E,E,,,NA,13
NFY,Mainstem,2015-05-08,RABO,1,E,E,,,11.9,13
NFY,Mainstem,2015-05-08,RABO,1,E,E,,19-21,11.9,13
NFY,Mainstem,2015-05-08,RABO,1,E,E,,17,11.9,13
NFY,Mainstem,2015-05-08,RABO,1,A,A,U,,NA,13
NFY,Mainstem,2015-05-08,RABO,1,A,A,F,,NA,13
NFY,Mainstem,2015-05-08,RABO,1,A,A,U,,NA,13
NFY,Mainstem,2015-05-08,RABO,1,E,E,,,11.9,13
NFY,Mainstem,2015-05-08,RABO,1,A,A,F,,NA,13
NFY,Mainstem,2015-05-08,RABO,1,A,A,M,,NA,13
NFY,Mainstem,2015-05-08,RABO,1,A,A,U,,NA,13
NFY,Mainstem,2015-05-08,RABO,1,E,E,,,NA,13
NFY,Mainstem,2015-05-08,RABO,1,J,J,,,NA,13
NFY,Mainstem,2015-05-08,RABO,2,J,J,,,NA,13
NFY,Mainstem,2015-05-08,RABO,1,A,A,M,,NA,13
NFY,Mainstem,2015-05-08,RABO,1,J,J,,,NA,13
NFY,Mainstem,2015-05-08,RABO,1,J,J,,,NA,13
NFY,Mainstem,2015-05-08,RABO,1,A,A,F,,NA,13
NFY,Mainstem,2015-05-08,RABO,2,A,A,U,,NA,13
NFY,Mainstem,2015-05-08,RABO,1,E,E,,,NA,13
NFY,Mainstem,2015-05-08,RABO,1,E,E,,2(?),NA,13
NFY,Mainstem,2015-05-08,RABO,1,A,A,M,,NA,13
NFY,Mainstem,2015-05-08,RABO,1,A,A,U,,NA,13
NFY,Mainstem,2015-05-08,RABO,1,E,E,,,NA,13
NFY,Mainstem,2015-05-08,RABO,1,E,E,,,NA,13
NFY,Mainstem,2015-05-08,RABO,1,E,E,,,NA,13
NFY,Mainstem,2015-05-08,RABO,1,E,E,,,NA,13
NFY,Mainstem,2015-05-08,RABO,1,A,A,M,,NA,13
NFA,Mainstem,2015-05-12,RABO,1,A,A,F,,NA,13
NFA,Mainstem,2015-05-12,RABO,1,A,A,M,,NA,13
NFA,Mainstem,2015-05-12,RABO,1,A,A,U,,NA,13
NFA,Mainstem,2015-05-12,RABO,1,A,A,M,,NA,13
NFA,Mainstem,2015-05-12,RABO,1,E,E,,,NA,13
NFA,Mainstem,2015-05-12,RABO,1,E,E,,,NA,13
NFA,Mainstem,2015-05-12,RABO,1,E,E,,,NA,13
NFA,Mainstem,2015-05-12,RABO,1,E,E,,,NA,13
NFA,Mainstem,2015-05-12,RABO,1,E,E,,,NA,13
NFA,Mainstem,2015-05-12,RABO,1,E,E,,,NA,13
NFA,Mainstem,2015-05-12,RABO,1,A,A,F,,NA,13
NFA,Mainstem,2015-05-12,RABO,1,E,E,,,NA,13
NFA,Mainstem,2015-05-12,RABO,1,E,E,,,NA,13
NFA,Mainstem,2015-05-12,RABO,1,E,E,,,NA,13
NFA,Mainstem,2015-05-12,RABO,1,A,A,M,,NA,13
NFA,Mainstem,2015-05-12,RABO,1,E,E,,,NA,13
NFA,Mainstem,2015-05-12,RABO,1,E,E,,,NA,13
NFA,Mainstem,2015-05-12,RABO,1,J,J,,,NA,13
NFA,Mainstem,2015-05-12,RABO,1,A,A,U,,NA,13
NFA,Mainstem,2015-05-12,RABO,1,E,E,,,NA,13
NFA,Mainstem,2015-05-12,RABO,1,A,A,U,,NA,13
NFA,Mainstem,2015-05-12,RABO,4,E,E,,,NA,13
NFA,Mainstem,2015-05-12,RABO,1,E,E,,,NA,13
NFA,Mainstem,2015-05-12,RABO,1,A,A,M,,NA,13
NFA,Mainstem,2015-05-12,RABO,1,E,E,,,NA,13
NFA,Mainstem,2015-05-12,RABO,1,J,J,,,NA,13
NFA,Mainstem,2015-05-12,RABO,1,E,E,,,NA,13
NFA,Mainstem,2015-05-12,RABO,1,A,A,M,,NA,13
NFA,Mainstem,2015-05-12,RABO,1,J,J,,,NA,13
NFA,Mainstem,2015-05-12,RABO,1,A,A,F,,NA,13
NFA,Mainstem,2015-05-12,RABO,1,E,E,,,NA,13
NFA,Mainstem,2015-05-12,RABO,1,A,A,F,,NA,13
NFA,Mainstem,2015-05-12,RABO,2,E,E,,,NA,13
NFA,Mainstem,2015-05-12,RABO,1,E,E,,,NA,13
NFA,Mainstem,2015-05-12,RABO,1,E,E,,,NA,13
NFA,Mainstem,2015-05-12,RABO,1,E,E,,,NA,13
NFA,Mainstem,2015-05-12,RABO,1,E,E,,,NA,13
RUB,Mainstem,2015-05-14,RABO,1,E,E,,,NA,13
RUB,Mainstem,2015-05-14,RABO,1,A,A,M,,NA,13
RUB,Mainstem,2015-05-14,RABO,1,E,E,,,NA,13
RUB,Mainstem,2015-05-14,RABO,1,A,A,M,,NA,13
RUB,Mainstem,2015-05-14,RABO,2,A,A,F,,NA,13
RUB,Mainstem,2015-05-14,RABO,1,E,E,,,NA,13
RUB,Mainstem,2015-05-14,RABO,1,E,E,,,NA,13
RUB,Mainstem,2015-05-14,RABO,1,E,E,,,NA,13
RUB,Mainstem,2015-05-14,RABO,1,E,E,,,NA,13
RUB,Mainstem,2015-05-14,RABO,1,J,J,,,NA,13
RUB,Mainstem,2015-05-14,RABO,1,E,E,,,NA,13
RUB,Mainstem,2015-05-14,RABO,1,E,E,,,NA,13
RUB,Mainstem,2015-05-14,RABO,1,E,E,,,NA,13
RUB,Mainstem,2015-05-14,RABO,1,E,E,,,NA,13
RUB,Mainstem,2015-05-14,RABO,1,E,E,,,NA,13
RUB,Mainstem,2015-05-14,RABO,1,E,E,,,NA,13
NFY,Mainstem,2015-05-22,RABO,1,A,A,F,,12.0,13
NFY,Mainstem,2015-05-22,RABO,1,A,A,F,,NA,13
NFY,Mainstem,2015-05-22,RABO,1,E,E,,,12.0,13
NFY,Mainstem,2015-05-22,RABO,1,E,E,,,12.0,13
NFY,Mainstem,2015-05-22,RABO,1,E,E,,,12.0,13
NFY,Mainstem,2015-05-22,RABO,1,E,E,,,12.0,13
NFY,Mainstem,2015-05-22,RABO,1,E,E,,,12.0,13
NFY,Mainstem,2015-05-22,RABO,1,E,E,,,12.0,13
NFY,Mainstem,2015-05-22,RABO,1,E,E,,,12.0,13
NFY,Mainstem,2015-05-22,RABO,2,E,E,,,12.0,13
NFY,Mainstem,2015-05-22,RABO,1,A,A,F,,12.0,13
NFY,Mainstem,2015-05-22,RABO,5,E,E,,,12.0,13
NFY,Mainstem,2015-05-22,RABO,1,A,A,M,,12.0,13
NFY,Mainstem,2015-05-22,RABO,1,A,A,F,,12.0,13
NFY,Mainstem,2015-05-22,RABO,1,J,J,,,12.0,13
NFY,Mainstem,2015-05-22,RABO,1,A,A,M,,NA,13
NFY,Mainstem,2015-05-22,RABO,1,E,E,,,12.0,13
NFY,Mainstem,2015-05-22,RABO,1,A,A,M,,12.0,13
NFY,Mainstem,2015-05-22,RABO,4,A,A,M,,12.0,13
NFY,Mainstem,2015-05-22,RABO,2,E,E,,,12.0,13
NFY,Mainstem,2015-05-22,RABO,1,E,E,,19-20,12.0,13
NFY,Mainstem,2015-05-22,RABO,1,E,E,,,12.0,13
NFY,Mainstem,2015-05-22,RABO,1,E,E,,,12.0,13
NFY,Mainstem,2015-05-22,RABO,1,E,E,,19,12.0,13
RUB,DS Site,2014-05-21,RABO,7,E,E,,,NA,11
RUB,DS Site,2014-05-06,RABO,1,E,E,,,NA,RAP2
RUB,US Site,2014-05-06,RABO,1,E,E,,,NA,RAP2
NFA,Robbers Rav,2016-04-22,RABO,6,E,E,,,NA,14
RUB,DS Site,2014-05-21,RABO,1,A,A,U,,NA,11
RUB,US Site,2014-05-21,RABO,4,A,A,M,,NA,11
RUB,US Site,2014-05-21,RABO,2,J,J,,,NA,11
RUB,US Site,2014-05-21,RABO,3,E,E,,,NA,11
RUB,DS Site,2014-05-21,RABO,2,J,J,U,,NA,11
NFA,Mainstem,2014-05-22,RABO,2,E,E,,,NA,11
NFA,Mainstem,2014-05-22,RABO,4,A,A,M,,NA,11
RUB,DS Site,2014-08-04,RABO,15,T,T,,,NA,11
RUB,DS Site,2014-08-04,RABO,1,J,J,,,NA,11
RUB,US Site,2014-08-04,RABO,2,A,A,M,,NA,11
NFA,Robbers Rav,2014-08-05,RABO,3,A,A,M,,NA,11
NFA,Mainstem,2014-08-05,RABO,2,A,A,U,,NA,11
NFA,Mainstem,2014-08-05,RABO,2,A,A,,,NA,
NFA,Mainstem,2014-08-05,RABO,3,A,A,M,,NA,11
NFA,Mainstem,2014-08-05,RABO,2,A,A,U,,NA,11
NFA,Mainstem,2014-08-05,RABO,4,J,J,,,NA,11
NFA,Mainstem,2014-08-05,RABO,8,Y,Y,,,NA,11
NFA,Mainstem,2014-08-05,RABO,5,T,T,,,NA,11
NFY,Mainstem,2014-08-19,RABO,5,Y,Y,,,NA,11
RUB,US Site,2015-08-10,RABO,3,A,A,F,,NA,RP2
NFY,Mainstem,2015-08-11,RABO,1,A,A,F,,NA,RP2
NFY,Mainstem,2015-08-11,RABO,1,A,A,M,,NA,RP2
SFY,Mainstem,2015-08-12,RABO,6,T,T,,,NA,RP2
NFA,Mainstem,2016-05-02,RABO,1,E,E,,,NA,RP2
TUO,Clavey,2016-06-18,RABO,15,T,T,,,NA,RP2
NFA,Robbers Rav,2016-05-06,RABO,7,A,A,M,,NA,14
NFA,Mainstem,2016-05-06,RABO,2,A,A,M,,NA,14
NFA,Mainstem,2016-05-06,RABO,2,A,A,M,,NA,14
NFA,Mainstem,2015-08-05,RABO,3,Y,Y,,,NA,RP2
MFA,Upstream Oxbow,2016-05-13,RABO,2,E,E,,,NA,14
NFA,Robbers Rav,2016-05-17,RABO,1,A,A,U,,NA,14
NFA,Mainstem,2016-05-17,RABO,3,A,A,M,,NA,14
NFA,Mainstem,2016-05-17,RABO,1,A,A,F,,NA,14
NFA,Mainstem,2016-05-17,RABO,2,J,J,,,NA,14
NFY,Mainstem,2016-05-31,RABO,14,E,E,,,NA,14
NFY,Mainstem,2016-05-31,RABO,1,E,E,,,NA,14
NFY,Mainstem,2016-05-31,RABO,2,A,A,F,,NA,14
SFY,Mainstem,2016-06-01,RABO,8,E,E,,,NA,14
SFY,Mainstem,2016-06-01,RABO,1,A,A,M,,NA,14
SFY,Mainstem,2016-06-01,RABO,1,A,A,F,,NA,14
SFY,Mainstem,2016-06-01,RABO,1,J,J,,,NA,14
RUB,US PH,2016-06-03,RABO,6,E,E,,,NA,14
NFA,Robbers Rav,2016-06-07,RABO,1,A,A,M,,NA,14
RUB,DS Site,2014-05-21,RABO,2,A,A,F,,NA,11
RUB,US Site,2014-10-28,RABO,2,Y,Y,,,NA,11
RUB,US Site,2014-10-28,RABO,2,J,J,,,NA,11
SFY,Mainstem,2014-08-18,RABO,8,Y,Y,,,NA,12
NFY,Mainstem,2014-08-19,RABO,5,Y,Y,,,NA,12
RUB,US Site,2015-02-27,RABO,2,J,J,,,NA,13
NFA,Robbers Rav,2015-08-05,RABO,6,A,A,U,,NA,13
NFA,Robbers Rav,2015-08-05,RABO,4,Y,Y,,,NA,13
NFA,Robbers Rav,2016-04-22,RABO,1,A,A,M,,NA,14
RUB,DS Site,2014-05-21,RABO,5,A,A,M,,NA,11
MFA,American Canyon,2016-05-02,RABO,12,E,E,,,NA,14
MFA,American Canyon,2016-05-02,RABO,4,A,A,F,,NA,14
MFA,American Canyon,2016-05-02,RABO,7,J,J,,,NA,14
NFA,Mainstem,2015-08-05,RABO,3,T,T,,,NA,RP2
NFA,Mainstem,2016-06-07,RABO,28,E,E,,,NA,14
NFA,Mainstem,2016-08-17,RABO,10,T,T,,,NA,15
NFA,Mainstem,2016-08-17,RABO,10,T,T,,,NA,15
RUB,US Site,2014-05-21,RABO,2,A,A,F,,NA,11
SFY,Mainstem,2014-08-18,RABO,2,J,J,,,NA,12
SFY,Mainstem,2014-08-18,RABO,6,T,T,,,NA,12
SFY,Mainstem,2014-08-18,RABO,5,A,A,M,,NA,12
NFY,Mainstem,2014-08-19,RABO,3,Y,Y,,,NA,12
RUB,US Site,2014-08-04,RABO,2,J,J,,,NA,11
RUB,US Site,2014-08-04,RABO,10,Y,Y,,,NA,11
RUB,US Site,2014-08-04,RABO,3,T,T,,,NA,11
NFA,Mainstem,2015-08-05,RABO,3,A,A,M,,NA,RP2
RUB,US Site,2014-08-04,RABO,3,A,A,F,,NA,11
RUB,US Site,2015-08-10,RABO,5,T,T,,,NA,RP2
RUB,US Site,2015-08-10,RABO,1,A,A,M,,NA,RP2
NFA,Robbers Rav,2016-04-22,RABO,4,E,E,,,NA,14
NFA,Robbers Rav,2016-04-22,RABO,8,E,E,,,NA,14
NFA,Robbers Rav,2016-05-06,RABO,19,E,E,,,NA,14
RUB,US Site,2014-05-21,RABO,1,E,E,,,NA,11
NFA,Robbers Rav,2016-05-06,RABO,2,J,J,,,NA,14
RUB,US Site,2014-05-21,RABO,4,E,E,,,NA,11
RUB,US Site,2014-05-21,RABO,6,E,E,,,NA,11
NFA,Robbers Rav,2016-04-22,RABO,11,A,A,M,,NA,14
RUB,US Site,2013-08-05,RABO,4,A,A,M,,NA,10
RUB,Mainstem,2013-08-05,RABO,2,A,A,U,,NA,10
RUB,Mainstem,2013-08-05,RABO,1,A,A,M,,NA,10
RUB,Mainstem,2013-08-05,RABO,1,Y,Y,,,NA,10
RUB,US Site,2013-08-05,RABO,1,J,J,,,NA,10
RUB,US Site,2013-08-05,RABO,1,A,A,U,,NA,10
NFA,Mainstem,2014-05-19,RABO,1,J,J,,,NA,11
NFA,Mainstem,2014-05-19,RABO,1,A,A,M,,NA,11
NFA,Mainstem,2014-05-19,RABO,2,A,A,U,,NA,11
NFA,Mainstem,2014-05-19,RABO,1,A,A,U,,NA,11
NFA,Mainstem,2014-05-19,RABO,1,A,A,F,,NA,11
NFA,Mainstem,2014-05-19,RABO,1,A,A,M,,NA,11
NFA,Robbers Rav,2014-05-19,RABO,1,A,A,F,,NA,11
NFA,Mainstem,2014-05-19,RABO,3,J,J,,,NA,11
NFA,Mainstem,2014-05-19,RABO,1,A,A,M,,NA,11
NFA,Robbers Rav,2014-05-19,RABO,1,A,A,U,,NA,11
NFA,Robbers Rav,2014-05-19,RABO,1,A,A,F,,NA,11
NFA,Mainstem,2014-05-19,RABO,4,A,A,M,,NA,11
NFA,Mainstem,2014-05-19,RABO,1,A,A,F,,NA,11
NFA,Mainstem,2014-05-19,RABO,1,J,J,,,NA,11
NFA,Mainstem,2014-05-19,RABO,1,A,A,M,,NA,11
NFA,Mainstem,2014-05-19,RABO,1,A,A,F,,NA,11
NFA,Robbers Rav,2016-04-22,RABO,1,A,A,F,,NA,14
NFA,Robbers Rav,2016-04-22,RABO,1,A,A,F,,NA,14
NFA,Robbers Rav,2016-04-22,RABO,3,A,A,F,,NA,14
NFA,Robbers Rav,2016-04-22,RABO,10,A,A,M,,NA,14
MFA,American Canyon,2016-05-02,RABO,13,A,A,M,,NA,14
NFY,Mainstem,2014-08-19,RABO,1,A,A,F,,NA,11
NFY,Mainstem,2015-08-11,RABO,12,T,T,,,NA,RP2
NFY,Mainstem,2015-08-11,RABO,53,Y,Y,,,NA,RP2
NFA,Robbers Rav,2016-05-17,RABO,6,A,A,M,,NA,14
NFA,Robbers Rav,2016-05-17,RABO,1,A,A,F,,NA,14
SFY,Mainstem,2015-08-12,RABO,1,J,J,,,NA,RP2
SFY,Mainstem,2015-08-12,RABO,3,Y,Y,,,NA,RP2
SFY,Mainstem,2015-08-12,RABO,1,A,A,F,,NA,RP2
RUB,US PH,2016-06-03,RABO,2,A,A,M,,NA,14
NFA,Mainstem,2016-06-07,RABO,5,A,A,F,,NA,14
NFA,Mainstem,2016-05-02,RABO,1,A,A,M,,NA,RP2
NFA,Mainstem,2016-06-07,RABO,2,J,J,,,NA,14
NFY,Mainstem,2016-05-31,RABO,2,J,J,,,NA,14
NFA,Mainstem,2016-06-07,RABO,4,A,A,M,,NA,14
NFY,Mainstem,2016-08-19,RABO,10,T,T,,,NA,15
